name,brand,price,description
Rilakkuma Charm-Usausababy Series,San-X,11.00,Kawaii bear charm collectible
Chairoikoguma Plush-Dino Mochi Series,San-X,30.00,Soft plush bear in dinosaur costume
Ghost Type Stickers,Oni-Puni,3.00,Original ghost Pokemon type sticker sheet
Water Type Stickers,Oni-Puni,3.00,Original water Pokemon type sticker sheet
UU's Fairy Journey Mini Series Blind Box,Oni-Puni,16.00,Mystery blind box fairy figurine
Birduyen Summer Highland Cow Plush,Birduyen,25.99,Cute highland cow plush toy
Moomin Tea Party Bundle,Oni-Puni,34.99,Limited edition notebook pouch sticker set
Pokemon Iono & Bellibolt Deck Box,Ultra Pro,24.94,Pokemon TCG storage
Rilakkuma with Overalls Plush,San-X,40.00,Large Rilakkuma bear plush with overalls
Fern the Fox by Birduyen,Birduyen,25.00,Soft fox plush collectible
